query_id,accuracy_top_k,precision_top_k,recall_top_k,f1_top_k
1,1.0,0.4,1.0,0.5714285714285715
2,1.0,0.2,1.0,0.33333333333333337
3,1.0,0.2,1.0,0.33333333333333337
4,1.0,0.2,1.0,0.33333333333333337
5,1.0,0.2,1.0,0.33333333333333337
6,1.0,0.2,1.0,0.33333333333333337
7,1.0,0.2,1.0,0.33333333333333337
8,1.0,0.2,1.0,0.33333333333333337
9,1.0,0.2,1.0,0.33333333333333337
10,1.0,0.2,1.0,0.33333333333333337
